﻿{"cameraMode":{"drawMode":0,"name":"Shaded","section":"Shading Mode"},"sceneLighting":false,"audioPlay":false,"sceneViewState":{"showFog":true,"showMaterialUpdate":true,"showSkybox":false,"showFlares":true,"showImageEffects":true,"showParticleSystems":true},"in2DMode":false,"pivot":{"x":-1.2740000486373902,"y":0.5339999198913574,"z":-0.047711923718452457},"rotation":{"x":-0.010789060965180397,"y":-0.06086182966828346,"z":0.0006582342321053147,"w":-0.9980877041816711},"size":2.836318254470825,"orthographic":false}