﻿{"cameraMode":{"drawMode":0,"name":"Shaded","section":"Shading Mode"},"sceneLighting":false,"audioPlay":false,"sceneViewState":{"showFog":true,"showMaterialUpdate":true,"showSkybox":false,"showFlares":true,"showImageEffects":true,"showParticleSystems":true},"in2DMode":false,"pivot":{"x":1.9800000190734864,"y":0.5339999198913574,"z":-0.047711923718452457},"rotation":{"x":-0.08450429886579514,"y":0.6871300935745239,"z":-0.08097835630178452,"w":-0.7170451879501343},"size":2.8363187313079836,"orthographic":false}